Ash,Alcalinity of ash,Magnesium,Total phenols,Flavanoids,Nonflavanoid phenols,Proanthocyanins,Color intensity,Hue,OD280/OD315 of diluted wines
0.48655389459525544,-0.8069748051272065,0.9282998262937374,2.4844372208791827,1.4623993954198522,-0.9791133953800427,1.0292513351544939,1.1827316688179197,-0.426341036114704,1.1807407153357388
1.8352255906408608,0.45067448466453747,1.2783789980740028,0.8067217293796729,0.6614853001627965,0.22615758925099239,0.40027531420560986,-0.3183774231614742,0.36115849098751684,0.44833647588073317
0.30430096269720136,-1.286079296476443,0.8582839919376843,1.557699139860406,1.3622851335127202,-0.17559940562601917,0.6623486562676446,0.729810822099999,0.404908464715418,0.335658900579963
0.30430096269720136,-1.4657434807324061,-0.2619693577591649,0.32737444609409905,0.4912910549206723,-0.4970050015276288,0.6798202124051137,0.08278104107439821,0.2736585435317145,1.36384177519949
0.8875103447709755,-0.5674225594525883,1.488426501142162,0.48715687385595724,0.4812796287299589,-0.4166536025522264,-0.5956033856301229,-0.0034895963956819856,0.44865843844331926,1.36384177519949
-0.716315455931906,-1.6454076649883695,-0.19195352340311186,0.8067217293796729,0.9518166596934792,-0.5773564005030312,0.6798202124051137,0.061213381706878255,0.5361583858991216,0.335658900579963
-0.35180959213579627,-1.0465270508018247,-0.12193768904705878,1.0943300993510177,1.1220109049356033,-1.1398161933308473,0.4526899826180169,0.9325468201546873,0.22990856980381333,1.321587684461701
